제목 / 요약,채널,구분,유형 (다중선택),일시,상태,다음 할 일 (팔로업)
[협업 제안] SeSAC AI PM 파이널 프로젝트 협업 제안 메일 발송,메일,발신,제안/기획,2026-09-03 13:12,완료,회신 대기
[자료 요청] 제안 관심 회신 및 사업계획서/제안자료 요청,메일,수신,"자료요청, 제안/기획",2026-09-03 16:40,완료,프로젝트 제안서 PDF 작성 및 송부
[제안서 송부] What if팀 파이널 프로젝트 제안서 첨부 송부,메일,발신,"자료공유, 제안/기획",2026-09-08 09:00,완료,제안서 검토 회신 대기
[미팅 제안] B2B 기업 독서 플랫폼 주제 제안 및 9/10(목) 17시 미팅 제의,메일,수신,"미팅일정, 주제협의",2026-09-08 14:20,완료,일정 수락 및 사전 질문 메일 회신
[일정 수락] 9/10(목) 17시 미팅 확정 및 B2B 플랫폼 사전 질문(테스트 계정 등),메일,발신,"미팅일정, 자료요청",2026-09-08 15:42,완료,미팅 방문 전 사전 안내 메일 발송
[미팅 확인] 당일(목요일) 미팅 확정 회신,메일,수신,미팅일정,2026-09-08 15:44,완료,미팅 참석 인원 및 상세 장소 체크
[사전 안내] 참석 인원(팀원 총 4명) 공유 및 방문 층수(13층/14층) 문의,메일,발신,"미팅일정, 장소/인원조율",2026-09-10 13:22,완료,장소 및 시간 확정 회신 대기
[방문 안내] 16:30 13층 방문 요청 및 본부장 1인 참석 안내,메일,수신,"미팅일정, 장소/인원조율",2026-09-10 13:33,완료,도착 알림 및 방문 준비
[최종 회신] 16:30 영풍빌딩 13층 도착 후 유선 연락 예정 회신,메일,발신,"미팅일정, 장소/인원조율",2026-09-10 13:51,진행중,"16:30 영풍빌딩 13층 도착 후 본부장님 유선 연락, 미팅 진행"
